<?xml version="1.0" encoding="UTF-8"?>

<!DOCTYPE config [
<!ENTITY RootFolder "Operations\Customer Records Management\Opening Account Local Brokerage\">
]>
<config>

<!-- LOCATIONS  NAMES-->
   <General>
      <ProcessName>Opening Account Local Brokerage</ProcessName>
      <ProcessPurpose>The process purpose is to </ProcessPurpose>
      <LogFileName>Opening Account Local Brokerage</LogFileName>
      <DeveloperEmail>MAbdelrahmanAhmed@albilad-capital.com</DeveloperEmail>
      <FolderRoot>&RootFolder;</FolderRoot>
      <FolderProcessing>&RootFolder;Processing</FolderProcessing>
      <FolderProcessed>&RootFolder;Processed</FolderProcessed>
      <FolderErrors>&RootFolder;Errors</FolderErrors>
      <FolderLogs>&RootFolder;Logs</FolderLogs>
      <FolderShared>&RootFolder;Shared Folder</FolderShared>
      <ExceptionEmailSubject><![CDATA[Exception - $pStrTaskName$]]></ExceptionEmailSubject>
      <ExceptionEmailBody><![CDATA[
      Greatings,<br><br>
      Please check the error message in the attachments.<br> 
      Error Line Number: $pStrErrorLineNumber$<br>
      Error Description: $pStrErrorMessage$<br><br>
      Thanks,<br>
      RPA BOT
      ]]></ExceptionEmailBody>
   </General>

   <UAT>
      <Business_User_Notification_Email>MAbdelrahmanAhmed@albilad-capital.com</Business_User_Notification_Email>
      <Business_Team_Email>INadyAli@albilad-capital.com</Business_Team_Email>
      <Complaince_Team_Email>INadyAli@albilad-capital.com</Complaince_Team_Email>
      <Customer_Care_Team_Email>INadyAli@albilad-capital.com</Customer_Care_Team_Email>
      <AT_Path><![CDATA[C:\Users\$pStrRunnerID$\Desktop\AT - UAT.lnk]]></AT_Path>
   </UAT>

   <PRD>
      <Business_User_Notification_Email>MAbdelrahmanAhmed@albilad-capital.com</Business_User_Notification_Email>
      <Business_Team_Email>MAbdelrahmanAhmed@albilad-capital.com</Business_Team_Email>
      <Complaince_Team_Email>MAbdelrahmanAhmed@albilad-capital.com</Complaince_Team_Email>
      <Customer_Care_Team_Email>MAbdelrahmanAhmed@albilad-capital.com</Customer_Care_Team_Email>
      <AT_Path><![CDATA[C:\Users\$pStrRunnerID$\Desktop\AT - UAT.lnk]]></AT_Path>
   </PRD>

</config>